<preset>

<settings>
<intro>&lt;p&gt;&lt;span class=&quot;&quot; style=&quot;font-size: x-large;&quot;&gt;Hallo {firstname},&lt;/span&gt;&lt;br&gt;&lt;span class=&quot;&quot; style=&quot;font-size: x-large;&quot;&gt;hier kannst du deine Nachricht für das Display erstellen. Die Medienredaktion wird sie prüfen und freigeben, wenn alles in Ordnung ist.&lt;/span&gt;&lt;br&gt;&lt;span class=&quot;&quot; style=&quot;font-size: x-large;&quot;&gt;Das Video erklärt dir kurz wie es geht.&lt;/span&gt;&lt;/p&gt;</intro>
<comments>0</comments>
<requiredentries>0</requiredentries>
<requiredentriestoview>0</requiredentriestoview>
<maxentries>0</maxentries>
<rssarticles>0</rssarticles>
<approval>1</approval>
<manageapproved>0</manageapproved>
<defaultsortdir>0</defaultsortdir>
<defaultsort>0</defaultsort>
</settings>

<field>
<type>textarea</type>
<name>Slide</name>
<required>0</required>
<param2>60</param2>
<param3>35</param3>
<param4>1</param4>
<param5>0</param5>
</field>

<field>
<type>date</type>
<name>Anzeige Start</name>
<required>0</required>
</field>

<field>
<type>date</type>
<name>Anzeige Ende</name>
<required>0</required>
</field>

<field>
<type>radiobutton</type>
<name>Priorität</name>
<description>Diesen Slide anzeigen und alle anderen deaktivieren.</description>
<required>1</required>
<param1>nein
ja</param1>
</field>

<field>
<type>number</type>
<name>Anzeigedauer</name>
<required>0</required>
</field>

<field>
<type>file</type>
<name>Hintergrund</name>
<description>Bild oder Video</description>
<required>0</required>
<param3>0</param3>
</field>

</preset>