<preset>

<settings>
<intro></intro>
<comments>0</comments>
<requiredentries>0</requiredentries>
<requiredentriestoview>0</requiredentriestoview>
<maxentries>0</maxentries>
<rssarticles>0</rssarticles>
<approval>1</approval>
<manageapproved>1</manageapproved>
<defaultsortdir>0</defaultsortdir>
<defaultsort>0</defaultsort>
</settings>

<field>
<type>textarea</type>
<name>Slide</name>
<required>0</required>
<param2>60</param2>
<param3>35</param3>
<param4>1</param4>
<param5>0</param5>
</field>

<field>
<type>date</type>
<name>Anzeige Start</name>
<required>0</required>
</field>

<field>
<type>date</type>
<name>Anzeige Ende</name>
<required>0</required>
</field>

<field>
<type>radiobutton</type>
<name>Priorität</name>
<description>Diesen Slide anzeigen und alle anderen deaktivieren.</description>
<required>1</required>
<param1>nein
ja</param1>
</field>

<field>
<type>number</type>
<name>Anzeigedauer</name>
<required>0</required>
</field>

<field>
<type>file</type>
<name>Hintergrund</name>
<description>Bild oder Video</description>
<required>0</required>
<param3>0</param3>
</field>

</preset>